{
    "mse": 0.255169737347244,
    "rmse": 0.5051432839771741,
    "mae": 0.3274252027374032,
    "r2_score": 0.8052747336256919
}